LSOA code and name,Residential useful heat demand (GWh yr-1),Heat-demand density (GWh km-2 yr-1),Candidate BHE count,Representative GSHP useful heat potential (GWh yr-1),Locally matched GSHP useful heat (GWh yr-1),Local heat-demand coverage (%),Unmet residential heat demand (GWh yr-1),Surplus GSHP potential (GWh yr-1)
E01015131 Plymouth 030C,8.28,3.06,465,13.67,8.28,100.0,0.0,5.39
E01015112 Plymouth 019A,4.92,4.25,210,5.86,4.92,100.0,0.0,0.94
E01015091 Plymouth 005B,4.85,4.31,201,5.79,4.85,100.0,0.0,0.94
E01015092 Plymouth 005C,4.82,1.95,437,12.54,4.82,100.0,0.0,7.72
E01034157 Plymouth 031G,4.67,1.18,698,20.66,4.67,100.0,0.0,16.0
E01015120 Plymouth 015A,4.66,2.64,307,8.81,4.66,100.0,0.0,4.15
E01015113 Plymouth 019B,4.65,4.25,195,5.58,4.65,100.0,0.0,0.93
E01015139 Plymouth 031E,4.55,3.79,214,6.24,4.55,100.0,0.0,1.69
E01015023 Plymouth 003A,4.45,4.84,164,4.59,4.45,100.0,0.0,0.14
E01015083 Plymouth 004C,4.11,3.29,223,5.98,4.11,100.0,0.0,1.88
E01015082 Plymouth 004B,4.07,3.77,188,5.17,4.07,100.0,0.0,1.1
E01015095 Plymouth 010D,3.72,3.62,180,5.18,3.72,100.0,0.0,1.47
E01015145 Plymouth 014E,3.57,4.6,138,3.74,3.57,100.0,0.0,0.17
E01015055 Plymouth 021A,3.56,5.17,122,3.53,3.53,99.1,0.03,0.0
E01015163 Plymouth 003D,4.15,5.16,142,4.11,4.11,99.0,0.04,0.0
E01015097 Plymouth 001B,9.44,5.25,317,9.18,9.18,97.3,0.26,0.0
E01015090 Plymouth 005A,4.09,5.17,137,3.96,3.96,97.0,0.12,0.0
E01015130 Plymouth 032C,4.21,5.46,138,4.03,4.03,95.7,0.18,0.0
E01015182 Plymouth 028E,5.68,5.84,168,5.15,5.15,90.8,0.52,0.0
E01015166 Plymouth 002E,4.99,5.62,155,4.49,4.49,89.8,0.51,0.0
E01015125 Plymouth 015E,4.09,5.87,122,3.53,3.53,86.3,0.56,0.0
E01015148 Plymouth 006E,3.65,5.8,113,3.06,3.06,83.8,0.59,0.0
E01015073 Plymouth 013B,3.99,5.73,122,3.31,3.31,82.9,0.68,0.0
E01015106 Plymouth 013E,3.9,6.27,114,3.13,3.13,80.3,0.77,0.0
E01015045 Plymouth 026B,3.19,5.28,93,2.55,2.55,80.1,0.63,0.0
E01015060 Plymouth 021E,3.67,6.71,100,2.88,2.88,78.4,0.79,0.0
E01015041 Plymouth 014C,4.18,5.28,117,3.16,3.16,75.6,1.02,0.0
E01015029 Plymouth 008A,6.19,6.66,165,4.57,4.57,73.8,1.62,0.0
E01015099 Plymouth 017B,4.92,6.7,127,3.49,3.49,71.1,1.42,0.0
E01015124 Plymouth 015D,5.14,7.29,122,3.53,3.53,68.6,1.61,0.0
E01015074 Plymouth 011A,4.04,6.93,102,2.75,2.75,68.1,1.29,0.0
E01015096 Plymouth 010E,3.32,7.32,78,2.26,2.26,68.0,1.06,0.0
E01015132 Plymouth 030D,5.2,7.94,114,3.47,3.47,66.8,1.73,0.0
E01015094 Plymouth 005E,3.19,7.23,76,2.12,2.12,66.5,1.07,0.0
E01015165 Plymouth 003E,4.25,8.07,97,2.81,2.81,66.0,1.45,0.0
E01015138 Plymouth 031D,6.3,7.64,144,4.16,4.16,66.0,2.15,0.0
E01015066 Plymouth 012D,3.55,6.97,85,2.3,2.3,64.7,1.26,0.0
E01015046 Plymouth 026C,4.08,7.78,95,2.61,2.61,63.9,1.47,0.0
E01015027 Plymouth 002A,5.43,8.05,117,3.36,3.36,62.0,2.06,0.0
E01015084 Plymouth 004D,4.03,7.61,92,2.45,2.45,60.8,1.58,0.0
E01015069 Plymouth 010C,3.67,8.61,77,2.21,2.21,60.2,1.46,0.0
E01015121 Plymouth 015B,4.63,8.61,98,2.78,2.78,60.1,1.85,0.0
E01015039 Plymouth 014A,2.95,7.9,64,1.76,1.76,59.6,1.19,0.0
E01015063 Plymouth 010A,3.43,8.77,70,2.0,2.0,58.5,1.42,0.0
E01015047 Plymouth 026D,5.52,9.06,110,3.2,3.2,57.9,2.32,0.0
E01015164 Plymouth 001D,5.06,9.27,98,2.84,2.84,56.1,2.22,0.0
E01015119 Plymouth 018D,4.18,9.5,80,2.32,2.32,55.3,1.87,0.0
E01015114 Plymouth 019C,5.46,9.14,105,3.01,3.01,55.1,2.45,0.0
E01015115 Plymouth 022C,4.68,9.29,89,2.58,2.58,55.0,2.11,0.0
E01015024 Plymouth 004A,3.63,9.15,71,1.99,1.99,54.8,1.64,0.0
E01015118 Plymouth 019D,4.69,9.26,89,2.56,2.56,54.7,2.12,0.0
E01015162 Plymouth 002D,3.51,9.96,66,1.91,1.91,54.4,1.6,0.0
E01015159 Plymouth 002B,4.86,9.14,90,2.6,2.6,53.6,2.25,0.0
E01015117 Plymouth 022E,3.53,8.56,67,1.89,1.89,53.4,1.64,0.0
E01015129 Plymouth 032B,3.33,9.88,61,1.77,1.77,53.1,1.56,0.0
E01015085 Plymouth 006A,4.81,9.22,94,2.54,2.54,52.8,2.27,0.0
E01015075 Plymouth 014D,3.54,8.82,68,1.86,1.86,52.7,1.68,0.0
E01015030 Plymouth 007A,3.86,9.48,73,2.01,2.01,52.0,1.85,0.0
E01015160 Plymouth 001C,5.06,10.15,90,2.6,2.6,51.5,2.45,0.0
E01015141 Plymouth 031F,6.19,9.19,113,3.15,3.15,51.0,3.03,0.0
E01015093 Plymouth 005D,2.88,11.22,50,1.44,1.44,50.0,1.44,0.0
E01015180 Plymouth 028C,4.78,9.92,82,2.38,2.38,49.9,2.39,0.0
E01015025 Plymouth 001A,7.98,10.51,136,3.94,3.94,49.3,4.04,0.0
E01015137 Plymouth 031C,5.63,11.16,88,2.72,2.72,48.3,2.91,0.0
E01015136 Plymouth 031B,5.45,11.62,84,2.61,2.61,47.8,2.84,0.0
E01015058 Plymouth 012C,3.59,10.39,59,1.66,1.66,46.3,1.93,0.0
E01015068 Plymouth 010B,4.58,10.97,74,2.12,2.12,46.3,2.46,0.0
E01015077 Plymouth 011B,5.92,10.92,100,2.71,2.71,45.7,3.22,0.0
E01015134 Plymouth 032D,4.97,11.3,77,2.26,2.26,45.4,2.71,0.0
E01015176 Plymouth 021F,3.51,11.65,55,1.59,1.59,45.3,1.92,0.0
E01015089 Plymouth 007E,5.21,10.63,85,2.33,2.33,44.6,2.89,0.0
E01015133 Plymouth 030E,5.88,10.92,89,2.61,2.61,44.4,3.27,0.0
E01015056 Plymouth 021B,4.65,11.82,70,2.06,2.06,44.3,2.59,0.0
E01015128 Plymouth 032A,5.04,11.63,77,2.23,2.23,44.3,2.81,0.0
E01015142 Plymouth 009B,4.09,10.88,67,1.81,1.81,44.2,2.28,0.0
E01015123 Plymouth 015C,5.94,11.55,90,2.6,2.6,43.9,3.33,0.0
E01015109 Plymouth 022B,3.78,11.9,57,1.62,1.62,42.9,2.16,0.0
E01015087 Plymouth 006B,3.69,11.07,59,1.57,1.57,42.7,2.11,0.0
E01015064 Plymouth 008B,5.98,11.22,95,2.55,2.55,42.6,3.43,0.0
E01015161 Plymouth 002C,3.81,12.85,56,1.62,1.62,42.5,2.19,0.0
E01015067 Plymouth 012E,4.89,11.8,74,2.08,2.08,42.5,2.81,0.0
E01015086 Plymouth 007D,3.63,11.51,56,1.54,1.54,42.4,2.09,0.0
E01015071 Plymouth 008D,5.47,11.32,85,2.31,2.31,42.2,3.16,0.0
E01015127 Plymouth 030B,4.69,12.39,69,1.96,1.96,41.9,2.72,0.0
E01015140 Plymouth 032E,5.31,12.53,78,2.18,2.18,41.0,3.13,0.0
E01034158 Plymouth 031H,3.55,13.36,46,1.41,1.41,39.7,2.14,0.0
E01015070 Plymouth 007B,7.19,12.47,103,2.82,2.82,39.2,4.37,0.0
E01015116 Plymouth 022D,4.17,13.79,56,1.61,1.61,38.7,2.55,0.0
E01015107 Plymouth 018A,4.29,13.32,58,1.66,1.66,38.6,2.63,0.0
E01015028 Plymouth 003C,3.44,12.66,48,1.32,1.32,38.2,2.13,0.0
E01015040 Plymouth 014B,3.65,12.78,51,1.39,1.39,38.0,2.26,0.0
E01015108 Plymouth 022A,5.06,13.78,67,1.91,1.91,37.8,3.15,0.0
E01034162 Plymouth 034E,5.06,15.69,59,1.84,1.84,36.5,3.21,0.0
E01015156 Plymouth 027E,8.14,14.78,97,2.89,2.89,35.5,5.25,0.0
E01015078 Plymouth 013C,3.12,15.06,40,1.1,1.1,35.2,2.02,0.0
E01015110 Plymouth 018B,4.29,14.46,52,1.5,1.5,35.1,2.78,0.0
E01015081 Plymouth 007C,3.73,13.12,48,1.31,1.31,35.0,2.42,0.0
E01015143 Plymouth 009C,3.44,14.08,44,1.2,1.2,34.9,2.24,0.0
E01034159 Plymouth 034B,4.02,15.58,46,1.4,1.4,34.8,2.62,0.0
E01015126 Plymouth 030A,5.88,14.15,76,2.03,2.03,34.5,3.85,0.0
E01034160 Plymouth 034C,5.85,16.82,66,1.97,1.97,33.7,3.88,0.0
E01015076 Plymouth 009A,3.91,14.67,48,1.31,1.31,33.5,2.6,0.0
E01015033 Plymouth 016A,5.73,14.34,70,1.91,1.91,33.4,3.82,0.0
E01015026 Plymouth 003B,3.53,14.67,43,1.18,1.18,33.3,2.36,0.0
E01015149 Plymouth 009F,3.33,16.31,40,1.09,1.09,32.9,2.23,0.0
E01015150 Plymouth 009G,4.35,14.8,52,1.42,1.42,32.7,2.93,0.0
E01015122 Plymouth 019E,4.68,14.82,52,1.5,1.5,32.2,3.17,0.0
E01015072 Plymouth 013A,3.82,15.44,44,1.21,1.21,31.6,2.61,0.0
E01015172 Plymouth 033B,6.02,14.59,69,1.9,1.9,31.5,4.12,0.0
E01015170 Plymouth 024B,5.07,15.23,57,1.57,1.57,30.9,3.5,0.0
E01015065 Plymouth 008C,4.01,15.72,46,1.24,1.24,30.8,2.78,0.0
E01015057 Plymouth 021C,3.85,17.56,40,1.18,1.18,30.7,2.67,0.0
E01015035 Plymouth 012A,4.71,16.02,53,1.44,1.44,30.5,3.28,0.0
E01015146 Plymouth 009E,4.13,14.86,46,1.25,1.25,30.2,2.88,0.0
E01015101 Plymouth 016E,7.11,17.16,74,2.06,2.06,29.0,5.05,0.0
E01015080 Plymouth 013D,2.75,17.6,29,0.8,0.8,28.9,1.96,0.0
E01015173 Plymouth 024C,6.7,18.37,68,1.87,1.87,27.9,4.83,0.0
E01015036 Plymouth 016C,6.46,16.19,69,1.77,1.77,27.4,4.69,0.0
E01015169 Plymouth 024A,5.62,18.79,55,1.51,1.51,26.9,4.1,0.0
E01015038 Plymouth 016D,5.92,15.76,63,1.59,1.59,26.8,4.33,0.0
E01015059 Plymouth 021D,3.7,17.71,36,0.99,0.99,26.8,2.71,0.0
E01015147 Plymouth 006D,4.13,17.18,40,1.08,1.08,26.2,3.05,0.0
E01015088 Plymouth 006C,3.64,19.89,34,0.93,0.93,25.6,2.71,0.0
E01015111 Plymouth 018C,4.53,19.46,40,1.16,1.16,25.5,3.38,0.0
E01015144 Plymouth 009D,4.09,19.69,38,1.04,1.04,25.4,3.05,0.0
E01015037 Plymouth 012B,3.76,17.82,37,0.94,0.94,24.9,2.83,0.0
E01015034 Plymouth 016B,7.4,20.73,67,1.81,1.81,24.4,5.59,0.0
E01032657 Plymouth 027F,3.62,20.48,32,0.88,0.88,24.2,2.74,0.0
E01015079 Plymouth 011C,5.32,19.83,46,1.26,1.26,23.7,4.05,0.0
E01015102 Plymouth 011D,5.44,20.44,46,1.26,1.26,23.2,4.18,0.0
E01015155 Plymouth 034A,4.59,19.56,38,1.06,1.06,23.0,3.53,0.0
E01032658 Plymouth 027G,4.53,22.17,36,0.98,0.98,21.7,3.55,0.0
E01015043 Plymouth 026A,3.82,23.85,29,0.79,0.79,20.8,3.03,0.0
E01015104 Plymouth 011E,5.03,23.89,37,1.02,1.02,20.2,4.01,0.0
E01034161 Plymouth 034D,5.1,21.77,34,1.02,1.02,20.1,4.07,0.0
E01015153 Plymouth 033C,6.02,26.41,42,1.15,1.15,19.1,4.87,0.0
E01015181 Plymouth 028D,6.77,20.83,45,1.28,1.28,19.0,5.48,0.0
E01015174 Plymouth 024D,5.32,24.0,36,0.99,0.99,18.6,4.33,0.0
E01015061 Plymouth 025A,5.01,30.09,31,0.9,0.9,17.9,4.12,0.0
E01015168 Plymouth 020D,5.55,26.57,37,0.99,0.99,17.9,4.56,0.0
E01015031 Plymouth 023A,5.74,27.13,37,1.02,1.02,17.8,4.72,0.0
E01015171 Plymouth 020E,5.87,28.55,38,1.04,1.04,17.8,4.83,0.0
E01015051 Plymouth 023E,5.44,27.2,35,0.96,0.96,17.7,4.47,0.0
E01015152 Plymouth 027C,9.17,28.95,58,1.59,1.59,17.3,7.58,0.0
E01015167 Plymouth 020C,4.4,28.31,29,0.76,0.76,17.3,3.64,0.0
E01015177 Plymouth 025D,5.28,30.03,31,0.9,0.9,17.0,4.38,0.0
E01015100 Plymouth 017C,5.53,30.98,32,0.88,0.88,15.9,4.65,0.0
E01015054 Plymouth 027B,5.31,27.11,30,0.83,0.83,15.6,4.48,0.0
E01015048 Plymouth 026E,5.56,31.94,31,0.85,0.85,15.3,4.71,0.0
E01015032 Plymouth 023B,7.5,33.51,41,1.13,1.13,15.0,6.38,0.0
E01015151 Plymouth 033A,6.05,31.82,33,0.91,0.91,15.0,5.14,0.0
E01015105 Plymouth 017E,5.23,34.21,28,0.77,0.77,14.7,4.46,0.0
E01015098 Plymouth 017A,5.54,32.89,29,0.79,0.79,14.3,4.75,0.0
E01015178 Plymouth 025E,6.63,37.06,33,0.95,0.95,14.3,5.68,0.0
E01015044 Plymouth 020B,5.61,37.7,29,0.8,0.8,14.2,4.81,0.0
E01015103 Plymouth 017D,5.16,34.05,26,0.72,0.72,13.9,4.45,0.0
E01015175 Plymouth 025C,5.47,37.93,25,0.72,0.72,13.2,4.75,0.0
E01015062 Plymouth 025B,6.69,41.92,29,0.81,0.81,12.1,5.88,0.0
E01015179 Plymouth 028B,6.0,43.4,25,0.71,0.71,11.8,5.29,0.0
E01015052 Plymouth 028A,6.25,52.41,25,0.69,0.69,11.0,5.57,0.0
E01015049 Plymouth 023C,5.81,47.67,23,0.63,0.63,10.9,5.18,0.0
E01015053 Plymouth 027A,4.07,48.33,15,0.41,0.41,10.1,3.66,0.0
E01015042 Plymouth 020A,3.95,38.05,15,0.39,0.39,10.0,3.55,0.0
E01015050 Plymouth 023D,7.01,47.58,24,0.66,0.66,9.4,6.35,0.0
